county_name,county_fips,fiscal_year,delivery_system,eligible_adult_female_medi_cal_beneficiaries,adult_female_beneficiaries_with_1plus_mental_health_service,mental_health_service_penetration_percent,value_status,source_mhs1_annotation
Alameda County,06001,2019/20,NSMHS,172992,17213,9.95,reported,""
Alameda County,06001,2019/20,SMHS,171502,4973,2.90,reported,""
Alameda County,06001,2020/21,NSMHS,174210,17841,10.24,reported,""
Alameda County,06001,2020/21,SMHS,171810,4860,2.83,reported,""
Alameda County,06001,2021/22,NSMHS,186231,18273,9.81,reported,""
Alameda County,06001,2021/22,SMHS,183803,5049,2.75,reported,""
Alameda County,06001,2022/23,NSMHS,202257,19322,9.55,reported,""
Alameda County,06001,2022/23,SMHS,198588,5134,2.59,reported,""
Alpine County,06003,2019/20,NSMHS,121,"",,suppressed_or_unavailable,1
Alpine County,06003,2019/20,SMHS,121,"",,suppressed_or_unavailable,2
Alpine County,06003,2020/21,NSMHS,131,"",,suppressed_or_unavailable,1
Alpine County,06003,2020/21,SMHS,123,"",,suppressed_or_unavailable,2
Alpine County,06003,2021/22,NSMHS,146,"",,suppressed_or_unavailable,1
Alpine County,06003,2021/22,SMHS,135,"",,suppressed_or_unavailable,2
Alpine County,06003,2022/23,NSMHS,149,"",,suppressed_or_unavailable,1
Alpine County,06003,2022/23,SMHS,130,"",,suppressed_or_unavailable,1
Amador County,06005,2019/20,NSMHS,3149,424,13.46,reported,""
Amador County,06005,2019/20,SMHS,3139,328,10.45,reported,""
Amador County,06005,2020/21,NSMHS,3364,458,13.61,reported,""
Amador County,06005,2020/21,SMHS,3344,319,9.54,reported,""
Amador County,06005,2021/22,NSMHS,3602,485,13.46,reported,""
Amador County,06005,2021/22,SMHS,3588,374,10.42,reported,""
Amador County,06005,2022/23,NSMHS,3849,551,14.32,reported,""
Amador County,06005,2022/23,SMHS,3830,382,9.97,reported,""
Butte County,06007,2019/20,NSMHS,29302,5282,18.03,reported,""
Butte County,06007,2019/20,SMHS,29162,1916,6.57,reported,""
Butte County,06007,2020/21,NSMHS,29121,5971,20.50,reported,""
Butte County,06007,2020/21,SMHS,28997,1829,6.31,reported,""
Butte County,06007,2021/22,NSMHS,30576,5904,19.31,reported,""
Butte County,06007,2021/22,SMHS,30442,1615,5.31,reported,""
Butte County,06007,2022/23,NSMHS,32412,5965,18.40,reported,""
Butte County,06007,2022/23,SMHS,32253,1615,5.01,reported,""
Calaveras County,06009,2019/20,NSMHS,4757,714,15.01,reported,""
Calaveras County,06009,2019/20,SMHS,4750,290,6.11,reported,""
Calaveras County,06009,2020/21,NSMHS,4826,799,16.56,reported,""
Calaveras County,06009,2020/21,SMHS,4804,307,6.39,reported,""
Calaveras County,06009,2021/22,NSMHS,5149,836,16.24,reported,""
Calaveras County,06009,2021/22,SMHS,5113,315,6.16,reported,""
Calaveras County,06009,2022/23,NSMHS,5503,842,15.30,reported,""
Calaveras County,06009,2022/23,SMHS,5479,383,6.99,reported,""
Colusa County,06011,2019/20,NSMHS,3207,276,8.61,reported,""
Colusa County,06011,2019/20,SMHS,3186,213,6.69,reported,""
Colusa County,06011,2020/21,NSMHS,3398,340,10.01,reported,""
Colusa County,06011,2020/21,SMHS,3373,227,6.73,reported,""
Colusa County,06011,2021/22,NSMHS,3635,383,10.54,reported,""
Colusa County,06011,2021/22,SMHS,3609,228,6.32,reported,""
Colusa County,06011,2022/23,NSMHS,3909,669,17.11,reported,""
Colusa County,06011,2022/23,SMHS,3878,221,5.70,reported,""
Contra Costa County,06013,2019/20,NSMHS,106004,9738,9.19,reported,""
Contra Costa County,06013,2019/20,SMHS,105068,5009,4.77,reported,""
Contra Costa County,06013,2020/21,NSMHS,108418,10332,9.53,reported,""
Contra Costa County,06013,2020/21,SMHS,107668,5267,4.89,reported,""
Contra Costa County,06013,2021/22,NSMHS,117525,12040,10.24,reported,""
Contra Costa County,06013,2021/22,SMHS,116745,5378,4.61,reported,""
Contra Costa County,06013,2022/23,NSMHS,128327,13122,10.23,reported,""
Contra Costa County,06013,2022/23,SMHS,127365,5206,4.09,reported,""
Del Norte County,06015,2019/20,NSMHS,4317,819,18.97,reported,""
Del Norte County,06015,2019/20,SMHS,4298,285,6.63,reported,""
Del Norte County,06015,2020/21,NSMHS,4311,892,20.69,reported,""
Del Norte County,06015,2020/21,SMHS,4298,262,6.10,reported,""
Del Norte County,06015,2021/22,NSMHS,4491,961,21.40,reported,""
Del Norte County,06015,2021/22,SMHS,4479,225,5.02,reported,""
Del Norte County,06015,2022/23,NSMHS,4676,966,20.66,reported,""
Del Norte County,06015,2022/23,SMHS,4660,234,5.02,reported,""
El Dorado County,06017,2019/20,NSMHS,14547,2691,18.50,reported,""
El Dorado County,06017,2019/20,SMHS,14463,358,2.48,reported,""
El Dorado County,06017,2020/21,NSMHS,14780,2722,18.42,reported,""
El Dorado County,06017,2020/21,SMHS,14699,312,2.12,reported,""
El Dorado County,06017,2021/22,NSMHS,15718,2672,17.00,reported,""
El Dorado County,06017,2021/22,SMHS,15613,428,2.74,reported,""
El Dorado County,06017,2022/23,NSMHS,16686,2684,16.09,reported,""
El Dorado County,06017,2022/23,SMHS,16597,488,2.94,reported,""
Fresno County,06019,2019/20,NSMHS,163638,18732,11.45,reported,""
Fresno County,06019,2019/20,SMHS,162631,6606,4.06,reported,""
Fresno County,06019,2020/21,NSMHS,165275,20234,12.24,reported,""
Fresno County,06019,2020/21,SMHS,162886,6480,3.98,reported,""
Fresno County,06019,2021/22,NSMHS,176050,19802,11.25,reported,""
Fresno County,06019,2021/22,SMHS,172487,6534,3.79,reported,""
Fresno County,06019,2022/23,NSMHS,187115,20570,10.99,reported,""
Fresno County,06019,2022/23,SMHS,183108,6448,3.52,reported,""
Glenn County,06021,2019/20,NSMHS,4252,621,14.60,reported,""
Glenn County,06021,2019/20,SMHS,4235,265,6.26,reported,""
Glenn County,06021,2020/21,NSMHS,4358,679,15.58,reported,""
Glenn County,06021,2020/21,SMHS,4341,268,6.17,reported,""
Glenn County,06021,2021/22,NSMHS,4631,658,14.21,reported,""
Glenn County,06021,2021/22,SMHS,4609,300,6.51,reported,""
Glenn County,06021,2022/23,NSMHS,4971,623,12.53,reported,""
Glenn County,06021,2022/23,SMHS,4948,339,6.85,reported,""
Humboldt County,06023,2019/20,NSMHS,21458,4750,22.14,reported,""
Humboldt County,06023,2019/20,SMHS,21282,883,4.15,reported,""
Humboldt County,06023,2020/21,NSMHS,21904,5222,23.84,reported,""
Humboldt County,06023,2020/21,SMHS,21729,905,4.16,reported,""
Humboldt County,06023,2021/22,NSMHS,23093,5484,23.75,reported,""
Humboldt County,06023,2021/22,SMHS,22871,880,3.85,reported,""
Humboldt County,06023,2022/23,NSMHS,24350,5717,23.48,reported,""
Humboldt County,06023,2022/23,SMHS,24084,1007,4.18,reported,""
Imperial County,06025,2019/20,NSMHS,35216,3235,9.19,reported,""
Imperial County,06025,2019/20,SMHS,35058,2122,6.05,reported,""
Imperial County,06025,2020/21,NSMHS,35530,3430,9.65,reported,""
Imperial County,06025,2020/21,SMHS,35335,2148,6.08,reported,""
Imperial County,06025,2021/22,NSMHS,38448,3665,9.53,reported,""
Imperial County,06025,2021/22,SMHS,37270,2287,6.14,reported,""
Imperial County,06025,2022/23,NSMHS,40982,4020,9.81,reported,""
Imperial County,06025,2022/23,SMHS,39597,2384,6.02,reported,""
Inyo County,06027,2019/20,NSMHS,2047,283,13.83,reported,""
Inyo County,06027,2019/20,SMHS,2044,116,5.68,reported,""
Inyo County,06027,2020/21,NSMHS,2093,308,14.72,reported,""
Inyo County,06027,2020/21,SMHS,2092,149,7.12,reported,""
Inyo County,06027,2021/22,NSMHS,2214,279,12.60,reported,""
Inyo County,06027,2021/22,SMHS,2204,114,5.17,reported,""
Inyo County,06027,2022/23,NSMHS,2346,339,14.45,reported,""
Inyo County,06027,2022/23,SMHS,2331,94,4.03,reported,""
Kern County,06029,2019/20,NSMHS,144454,18556,12.85,reported,""
Kern County,06029,2019/20,SMHS,143806,4912,3.42,reported,""
Kern County,06029,2020/21,NSMHS,149371,19657,13.16,reported,""
Kern County,06029,2020/21,SMHS,147387,5609,3.81,reported,""
Kern County,06029,2021/22,NSMHS,161662,22675,14.03,reported,""
Kern County,06029,2021/22,SMHS,158088,5617,3.55,reported,""
Kern County,06029,2022/23,NSMHS,173780,25505,14.68,reported,""
Kern County,06029,2022/23,SMHS,170066,5927,3.49,reported,""
Kings County,06031,2019/20,NSMHS,20009,3086,15.42,reported,""
Kings County,06031,2019/20,SMHS,19829,849,4.28,reported,""
Kings County,06031,2020/21,NSMHS,20514,2967,14.46,reported,""
Kings County,06031,2020/21,SMHS,20113,843,4.19,reported,""
Kings County,06031,2021/22,NSMHS,22121,3060,13.83,reported,""
Kings County,06031,2021/22,SMHS,21601,819,3.79,reported,""
Kings County,06031,2022/23,NSMHS,23657,3105,13.13,reported,""
Kings County,06031,2022/23,SMHS,23090,871,3.77,reported,""
Lake County,06033,2019/20,NSMHS,11973,2469,20.62,reported,""
Lake County,06033,2019/20,SMHS,11927,397,3.33,reported,""
Lake County,06033,2020/21,NSMHS,11980,2564,21.40,reported,""
Lake County,06033,2020/21,SMHS,11929,370,3.10,reported,""
Lake County,06033,2021/22,NSMHS,12604,2790,22.14,reported,""
Lake County,06033,2021/22,SMHS,12546,428,3.41,reported,""
Lake County,06033,2022/23,NSMHS,13307,2933,22.04,reported,""
Lake County,06033,2022/23,SMHS,13256,450,3.39,reported,""
Lassen County,06035,2019/20,NSMHS,2921,464,15.88,reported,""
Lassen County,06035,2019/20,SMHS,2886,302,10.46,reported,""
Lassen County,06035,2020/21,NSMHS,3062,507,16.56,reported,""
Lassen County,06035,2020/21,SMHS,2978,297,9.97,reported,""
Lassen County,06035,2021/22,NSMHS,3294,539,16.36,reported,""
Lassen County,06035,2021/22,SMHS,3183,272,8.55,reported,""
Lassen County,06035,2022/23,NSMHS,3498,646,18.47,reported,""
Lassen County,06035,2022/23,SMHS,3386,265,7.83,reported,""
Los Angeles County,06037,2019/20,NSMHS,1546756,120140,7.77,reported,""
Los Angeles County,06037,2019/20,SMHS,1516668,59734,3.94,reported,""
Los Angeles County,06037,2020/21,NSMHS,1589565,119803,7.54,reported,""
Los Angeles County,06037,2020/21,SMHS,1526307,61186,4.01,reported,""
Los Angeles County,06037,2021/22,NSMHS,1704485,135156,7.93,reported,""
Los Angeles County,06037,2021/22,SMHS,1610293,62245,3.87,reported,""
Los Angeles County,06037,2022/23,NSMHS,1834734,162813,8.87,reported,""
Los Angeles County,06037,2022/23,SMHS,1713771,61844,3.61,reported,""
Madera County,06039,2019/20,NSMHS,23517,3157,13.42,reported,""
Madera County,06039,2019/20,SMHS,23341,878,3.76,reported,""
Madera County,06039,2020/21,NSMHS,24262,6763,27.87,reported,""
Madera County,06039,2020/21,SMHS,24060,839,3.49,reported,""
Madera County,06039,2021/22,NSMHS,26272,4754,18.10,reported,""
Madera County,06039,2021/22,SMHS,26026,961,3.69,reported,""
Madera County,06039,2022/23,NSMHS,28157,5479,19.46,reported,""
Madera County,06039,2022/23,SMHS,27847,933,3.35,reported,""
Marin County,06041,2019/20,NSMHS,18462,2944,15.95,reported,""
Marin County,06041,2019/20,SMHS,18291,767,4.19,reported,""
Marin County,06041,2020/21,NSMHS,19093,3293,17.25,reported,""
Marin County,06041,2020/21,SMHS,18807,737,3.92,reported,""
Marin County,06041,2021/22,NSMHS,20634,3744,18.14,reported,""
Marin County,06041,2021/22,SMHS,20305,729,3.59,reported,""
Marin County,06041,2022/23,NSMHS,22377,3667,16.39,reported,""
Marin County,06041,2022/23,SMHS,22029,742,3.37,reported,""
Mariposa County,06043,2019/20,NSMHS,1998,359,17.97,reported,""
Mariposa County,06043,2019/20,SMHS,1985,205,10.33,reported,""
Mariposa County,06043,2020/21,NSMHS,2095,376,17.95,reported,""
Mariposa County,06043,2020/21,SMHS,2083,201,9.65,reported,""
Mariposa County,06043,2021/22,NSMHS,2248,390,17.35,reported,""
Mariposa County,06043,2021/22,SMHS,2240,210,9.38,reported,""
Mariposa County,06043,2022/23,NSMHS,2382,401,16.83,reported,""
Mariposa County,06043,2022/23,SMHS,2369,201,8.48,reported,""
Mendocino County,06045,2019/20,NSMHS,14908,3280,22.00,reported,""
Mendocino County,06045,2019/20,SMHS,14776,711,4.81,reported,""
Mendocino County,06045,2020/21,NSMHS,14474,3148,21.75,reported,""
Mendocino County,06045,2020/21,SMHS,14341,715,4.99,reported,""
Mendocino County,06045,2021/22,NSMHS,15176,3284,21.64,reported,""
Mendocino County,06045,2021/22,SMHS,15048,742,4.93,reported,""
Mendocino County,06045,2022/23,NSMHS,16003,3416,21.35,reported,""
Mendocino County,06045,2022/23,SMHS,15900,802,5.04,reported,""
Merced County,06047,2019/20,NSMHS,44781,5588,12.48,reported,""
Merced County,06047,2019/20,SMHS,44421,1587,3.57,reported,""
Merced County,06047,2020/21,NSMHS,46120,6138,13.31,reported,""
Merced County,06047,2020/21,SMHS,45643,1607,3.52,reported,""
Merced County,06047,2021/22,NSMHS,49754,6399,12.86,reported,""
Merced County,06047,2021/22,SMHS,49187,1691,3.44,reported,""
Merced County,06047,2022/23,NSMHS,53193,7110,13.37,reported,""
Merced County,06047,2022/23,SMHS,52558,1873,3.56,reported,""
Modoc County,06049,2019/20,NSMHS,1248,226,18.11,reported,""
Modoc County,06049,2019/20,SMHS,1246,169,13.56,reported,""
Modoc County,06049,2020/21,NSMHS,1302,223,17.13,reported,""
Modoc County,06049,2020/21,SMHS,1301,142,10.91,reported,""
Modoc County,06049,2021/22,NSMHS,1373,217,15.80,reported,""
Modoc County,06049,2021/22,SMHS,1370,145,10.58,reported,""
Modoc County,06049,2022/23,NSMHS,1473,239,16.23,reported,""
Modoc County,06049,2022/23,SMHS,1469,157,10.69,reported,""
Mono County,06051,2019/20,NSMHS,1223,154,12.59,reported,""
Mono County,06051,2019/20,SMHS,1214,55,4.53,reported,""
Mono County,06051,2020/21,NSMHS,1157,144,12.45,reported,""
Mono County,06051,2020/21,SMHS,1145,63,5.50,reported,""
Mono County,06051,2021/22,NSMHS,1250,174,13.92,reported,""
Mono County,06051,2021/22,SMHS,1232,69,5.60,reported,""
Mono County,06051,2022/23,NSMHS,1323,171,12.93,reported,""
Mono County,06051,2022/23,SMHS,1312,69,5.26,reported,""
Monterey County,06053,2019/20,NSMHS,60146,7157,11.90,reported,""
Monterey County,06053,2019/20,SMHS,59483,2542,4.27,reported,""
Monterey County,06053,2020/21,NSMHS,64330,7085,11.01,reported,""
Monterey County,06053,2020/21,SMHS,60871,2682,4.41,reported,""
Monterey County,06053,2021/22,NSMHS,69200,7288,10.53,reported,""
Monterey County,06053,2021/22,SMHS,64890,2538,3.91,reported,""
Monterey County,06053,2022/23,NSMHS,74269,8179,11.01,reported,""
Monterey County,06053,2022/23,SMHS,69931,2645,3.78,reported,""
Napa County,06055,2019/20,NSMHS,11603,1685,14.52,reported,""
Napa County,06055,2019/20,SMHS,11468,371,3.24,reported,""
Napa County,06055,2020/21,NSMHS,12522,1735,13.86,reported,""
Napa County,06055,2020/21,SMHS,12024,353,2.94,reported,""
Napa County,06055,2021/22,NSMHS,13484,1940,14.39,reported,""
Napa County,06055,2021/22,SMHS,12994,339,2.61,reported,""
Napa County,06055,2022/23,NSMHS,14645,2072,14.15,reported,""
Napa County,06055,2022/23,SMHS,14147,361,2.55,reported,""
Nevada County,06057,2019/20,NSMHS,9974,2228,22.34,reported,""
Nevada County,06057,2019/20,SMHS,9904,455,4.59,reported,""
Nevada County,06057,2020/21,NSMHS,10071,2477,24.60,reported,""
Nevada County,06057,2020/21,SMHS,10012,461,4.60,reported,""
Nevada County,06057,2021/22,NSMHS,10585,2517,23.78,reported,""
Nevada County,06057,2021/22,SMHS,10512,484,4.60,reported,""
Nevada County,06057,2022/23,NSMHS,11432,2971,25.99,reported,""
Nevada County,06057,2022/23,SMHS,11368,498,4.38,reported,""
Orange County,06059,2019/20,NSMHS,345608,43942,12.71,reported,""
Orange County,06059,2019/20,SMHS,339688,5578,1.64,reported,""
Orange County,06059,2020/21,NSMHS,357491,40135,11.23,reported,""
Orange County,06059,2020/21,SMHS,342254,5603,1.64,reported,""
Orange County,06059,2021/22,NSMHS,388453,46030,11.85,reported,""
Orange County,06059,2021/22,SMHS,369131,5434,1.47,reported,""
Orange County,06059,2022/23,NSMHS,420407,53178,12.65,reported,""
Orange County,06059,2022/23,SMHS,399792,5126,1.28,reported,""
Placer County,06061,2019/20,NSMHS,23890,3592,15.04,reported,""
Placer County,06061,2019/20,SMHS,23716,863,3.64,reported,""
Placer County,06061,2020/21,NSMHS,24783,3969,16.02,reported,""
Placer County,06061,2020/21,SMHS,24587,898,3.65,reported,""
Placer County,06061,2021/22,NSMHS,27273,3978,14.59,reported,""
Placer County,06061,2021/22,SMHS,27075,930,3.43,reported,""
Placer County,06061,2022/23,NSMHS,30047,4396,14.63,reported,""
Placer County,06061,2022/23,SMHS,29847,965,3.23,reported,""
Plumas County,06063,2019/20,NSMHS,2554,437,17.11,reported,""
Plumas County,06063,2019/20,SMHS,2547,198,7.77,reported,""
Plumas County,06063,2020/21,NSMHS,2557,411,16.07,reported,""
Plumas County,06063,2020/21,SMHS,2551,163,6.39,reported,""
Plumas County,06063,2021/22,NSMHS,2616,429,16.40,reported,""
Plumas County,06063,2021/22,SMHS,2606,160,6.14,reported,""
Plumas County,06063,2022/23,NSMHS,2655,431,16.23,reported,""
Plumas County,06063,2022/23,SMHS,2649,135,5.10,reported,""
Riverside County,06065,2019/20,NSMHS,304642,39666,13.02,reported,""
Riverside County,06065,2019/20,SMHS,302062,10021,3.32,reported,""
Riverside County,06065,2020/21,NSMHS,313655,42457,13.54,reported,""
Riverside County,06065,2020/21,SMHS,311250,9990,3.21,reported,""
Riverside County,06065,2021/22,NSMHS,339956,49688,14.62,reported,""
Riverside County,06065,2021/22,SMHS,337247,9557,2.83,reported,""
Riverside County,06065,2022/23,NSMHS,369568,59289,16.04,reported,""
Riverside County,06065,2022/23,SMHS,366482,9891,2.70,reported,""
Sacramento County,06067,2019/20,NSMHS,202907,26618,13.12,reported,""
Sacramento County,06067,2019/20,SMHS,201454,7603,3.77,reported,""
Sacramento County,06067,2020/21,NSMHS,205318,27595,13.44,reported,""
Sacramento County,06067,2020/21,SMHS,203011,7756,3.82,reported,""
Sacramento County,06067,2021/22,NSMHS,220744,28031,12.70,reported,""
Sacramento County,06067,2021/22,SMHS,218427,7445,3.41,reported,""
Sacramento County,06067,2022/23,NSMHS,237094,31113,13.12,reported,""
Sacramento County,06067,2022/23,SMHS,234792,6233,2.65,reported,""
San Benito County,06069,2019/20,NSMHS,6588,488,7.41,reported,""
San Benito County,06069,2019/20,SMHS,6515,367,5.63,reported,""
San Benito County,06069,2020/21,NSMHS,6771,531,7.84,reported,""
San Benito County,06069,2020/21,SMHS,6666,396,5.94,reported,""
San Benito County,06069,2021/22,NSMHS,7320,547,7.47,reported,""
San Benito County,06069,2021/22,SMHS,7190,381,5.30,reported,""
San Benito County,06069,2022/23,NSMHS,7909,577,7.30,reported,""
San Benito County,06069,2022/23,SMHS,7782,366,4.70,reported,""
San Bernardino County,06071,2019/20,NSMHS,315534,42410,13.44,reported,""
San Bernardino County,06071,2019/20,SMHS,312935,8749,2.80,reported,""
San Bernardino County,06071,2020/21,NSMHS,318713,44673,14.02,reported,""
San Bernardino County,06071,2020/21,SMHS,315318,8297,2.63,reported,""
San Bernardino County,06071,2021/22,NSMHS,340053,49211,14.47,reported,""
San Bernardino County,06071,2021/22,SMHS,336604,8180,2.43,reported,""
San Bernardino County,06071,2022/23,NSMHS,364880,58226,15.96,reported,""
San Bernardino County,06071,2022/23,SMHS,360878,7707,2.14,reported,""
San Diego County,06073,2019/20,NSMHS,342502,52271,15.26,reported,""
San Diego County,06073,2019/20,SMHS,338244,11274,3.33,reported,""
San Diego County,06073,2020/21,NSMHS,351665,51400,14.62,reported,""
San Diego County,06073,2020/21,SMHS,346982,11229,3.24,reported,""
San Diego County,06073,2021/22,NSMHS,382312,58386,15.27,reported,""
San Diego County,06073,2021/22,SMHS,376765,11280,2.99,reported,""
San Diego County,06073,2022/23,NSMHS,412924,68229,16.52,reported,""
San Diego County,06073,2022/23,SMHS,405733,11703,2.88,reported,""
San Francisco County,06075,2019/20,NSMHS,92087,7584,8.24,reported,""
San Francisco County,06075,2019/20,SMHS,91485,4841,5.29,reported,""
San Francisco County,06075,2020/21,NSMHS,93020,8210,8.83,reported,""
San Francisco County,06075,2020/21,SMHS,92431,4645,5.03,reported,""
San Francisco County,06075,2021/22,NSMHS,99402,8836,8.89,reported,""
San Francisco County,06075,2021/22,SMHS,98757,4719,4.78,reported,""
San Francisco County,06075,2022/23,NSMHS,107508,9327,8.68,reported,""
San Francisco County,06075,2022/23,SMHS,105180,4652,4.42,reported,""
San Joaquin County,06077,2019/20,NSMHS,101926,21202,20.80,reported,""
San Joaquin County,06077,2019/20,SMHS,101039,3741,3.70,reported,""
San Joaquin County,06077,2020/21,NSMHS,102505,22446,21.90,reported,""
San Joaquin County,06077,2020/21,SMHS,101499,3638,3.58,reported,""
San Joaquin County,06077,2021/22,NSMHS,110038,21595,19.63,reported,""
San Joaquin County,06077,2021/22,SMHS,108925,3649,3.35,reported,""
San Joaquin County,06077,2022/23,NSMHS,118289,25479,21.54,reported,""
San Joaquin County,06077,2022/23,SMHS,116862,3566,3.05,reported,""
San Luis Obispo County,06079,2019/20,NSMHS,22441,4864,21.67,reported,""
San Luis Obispo County,06079,2019/20,SMHS,22274,990,4.44,reported,""
San Luis Obispo County,06079,2020/21,NSMHS,22957,5449,23.74,reported,""
San Luis Obispo County,06079,2020/21,SMHS,22770,1029,4.52,reported,""
San Luis Obispo County,06079,2021/22,NSMHS,24911,5125,20.57,reported,""
San Luis Obispo County,06079,2021/22,SMHS,24714,1089,4.41,reported,""
San Luis Obispo County,06079,2022/23,NSMHS,26935,5733,21.28,reported,""
San Luis Obispo County,06079,2022/23,SMHS,26710,1171,4.38,reported,""
San Mateo County,06081,2019/20,NSMHS,57763,7038,12.18,reported,""
San Mateo County,06081,2019/20,SMHS,57242,2622,4.58,reported,""
San Mateo County,06081,2020/21,NSMHS,58422,6627,11.34,reported,""
San Mateo County,06081,2020/21,SMHS,57848,2504,4.33,reported,""
San Mateo County,06081,2021/22,NSMHS,62636,7012,11.19,reported,""
San Mateo County,06081,2021/22,SMHS,62090,2672,4.30,reported,""
San Mateo County,06081,2022/23,NSMHS,68449,7659,11.19,reported,""
San Mateo County,06081,2022/23,SMHS,67811,3035,4.48,reported,""
Santa Barbara County,06083,2019/20,NSMHS,51662,7093,13.73,reported,""
Santa Barbara County,06083,2019/20,SMHS,50963,1449,2.84,reported,""
Santa Barbara County,06083,2020/21,NSMHS,53233,7876,14.80,reported,""
Santa Barbara County,06083,2020/21,SMHS,52534,1423,2.71,reported,""
Santa Barbara County,06083,2021/22,NSMHS,57662,8449,14.65,reported,""
Santa Barbara County,06083,2021/22,SMHS,56846,1337,2.35,reported,""
Santa Barbara County,06083,2022/23,NSMHS,62377,9640,15.45,reported,""
Santa Barbara County,06083,2022/23,SMHS,61423,1329,2.16,reported,""
Santa Clara County,06085,2019/20,NSMHS,161779,10320,6.38,reported,""
Santa Clara County,06085,2019/20,SMHS,160583,5933,3.69,reported,""
Santa Clara County,06085,2020/21,NSMHS,163052,11626,7.13,reported,""
Santa Clara County,06085,2020/21,SMHS,161235,6561,4.07,reported,""
Santa Clara County,06085,2021/22,NSMHS,176839,12950,7.32,reported,""
Santa Clara County,06085,2021/22,SMHS,174887,6936,3.97,reported,""
Santa Clara County,06085,2022/23,NSMHS,199886,14418,7.21,reported,""
Santa Clara County,06085,2022/23,SMHS,191511,7225,3.77,reported,""
Santa Cruz County,06087,2019/20,NSMHS,28535,6354,22.27,reported,""
Santa Cruz County,06087,2019/20,SMHS,28271,749,2.65,reported,""
Santa Cruz County,06087,2020/21,NSMHS,29205,6424,22.00,reported,""
Santa Cruz County,06087,2020/21,SMHS,28360,666,2.35,reported,""
Santa Cruz County,06087,2021/22,NSMHS,31265,6577,21.04,reported,""
Santa Cruz County,06087,2021/22,SMHS,30066,687,2.28,reported,""
Santa Cruz County,06087,2022/23,NSMHS,33117,6749,20.38,reported,""
Santa Cruz County,06087,2022/23,SMHS,31802,718,2.26,reported,""
Shasta County,06089,2019/20,NSMHS,24176,6274,25.95,reported,""
Shasta County,06089,2019/20,SMHS,24043,794,3.30,reported,""
Shasta County,06089,2020/21,NSMHS,24284,6364,26.21,reported,""
Shasta County,06089,2020/21,SMHS,24131,763,3.16,reported,""
Shasta County,06089,2021/22,NSMHS,25752,6536,25.38,reported,""
Shasta County,06089,2021/22,SMHS,25483,754,2.96,reported,""
Shasta County,06089,2022/23,NSMHS,27609,7153,25.91,reported,""
Shasta County,06089,2022/23,SMHS,27297,775,2.84,reported,""
Sierra County,06091,2019/20,NSMHS,337,25,7.42,reported,""
Sierra County,06091,2019/20,SMHS,337,"",,suppressed_or_unavailable,1
Sierra County,06091,2020/21,NSMHS,327,38,11.62,reported,""
Sierra County,06091,2020/21,SMHS,326,"",,suppressed_or_unavailable,1
Sierra County,06091,2021/22,NSMHS,335,35,10.45,reported,""
Sierra County,06091,2021/22,SMHS,335,33,9.85,reported,""
Sierra County,06091,2022/23,NSMHS,364,41,11.26,reported,""
Sierra County,06091,2022/23,SMHS,360,49,13.61,reported,""
Siskiyou County,06093,2019/20,NSMHS,6963,1515,21.76,reported,""
Siskiyou County,06093,2019/20,SMHS,6951,440,6.33,reported,""
Siskiyou County,06093,2020/21,NSMHS,7082,1499,21.17,reported,""
Siskiyou County,06093,2020/21,SMHS,7054,476,6.75,reported,""
Siskiyou County,06093,2021/22,NSMHS,7295,1514,20.75,reported,""
Siskiyou County,06093,2021/22,SMHS,7271,502,6.90,reported,""
Siskiyou County,06093,2022/23,NSMHS,7641,1498,19.60,reported,""
Siskiyou County,06093,2022/23,SMHS,7615,443,5.82,reported,""
Solano County,06095,2019/20,NSMHS,46572,7074,15.19,reported,""
Solano County,06095,2019/20,SMHS,46099,1521,3.30,reported,""
Solano County,06095,2020/21,NSMHS,47446,7403,15.60,reported,""
Solano County,06095,2020/21,SMHS,46962,1476,3.14,reported,""
Solano County,06095,2021/22,NSMHS,51394,7599,14.79,reported,""
Solano County,06095,2021/22,SMHS,50951,1551,3.04,reported,""
Solano County,06095,2022/23,NSMHS,55589,7992,14.38,reported,""
Solano County,06095,2022/23,SMHS,55112,1530,2.78,reported,""
Sonoma County,06097,2019/20,NSMHS,44839,8826,19.68,reported,""
Sonoma County,06097,2019/20,SMHS,44302,887,2.00,reported,""
Sonoma County,06097,2020/21,NSMHS,45578,8820,19.35,reported,""
Sonoma County,06097,2020/21,SMHS,44961,872,1.94,reported,""
Sonoma County,06097,2021/22,NSMHS,49333,9543,19.34,reported,""
Sonoma County,06097,2021/22,SMHS,48663,892,1.83,reported,""
Sonoma County,06097,2022/23,NSMHS,53956,10267,19.03,reported,""
Sonoma County,06097,2022/23,SMHS,53180,933,1.75,reported,""
Stanislaus County,06099,2019/20,NSMHS,84057,12139,14.44,reported,""
Stanislaus County,06099,2019/20,SMHS,83638,1784,2.13,reported,""
Stanislaus County,06099,2020/21,NSMHS,84952,12153,14.31,reported,""
Stanislaus County,06099,2020/21,SMHS,84192,1797,2.13,reported,""
Stanislaus County,06099,2021/22,NSMHS,89365,12005,13.43,reported,""
Stanislaus County,06099,2021/22,SMHS,88392,1737,1.97,reported,""
Stanislaus County,06099,2022/23,NSMHS,95392,13813,14.48,reported,""
Stanislaus County,06099,2022/23,SMHS,94297,1828,1.94,reported,""
Sutter County,06101,2019/20,NSMHS,14769,1707,11.56,reported,""
Sutter County,06101,2019/20,SMHS,14698,638,4.34,reported,""
Sutter County,06101,2020/21,NSMHS,14816,1741,11.75,reported,""
Sutter County,06101,2020/21,SMHS,14746,633,4.29,reported,""
Sutter County,06101,2021/22,NSMHS,15629,1928,12.34,reported,""
Sutter County,06101,2021/22,SMHS,15564,610,3.92,reported,""
Sutter County,06101,2022/23,NSMHS,16730,1998,11.94,reported,""
Sutter County,06101,2022/23,SMHS,16655,612,3.67,reported,""
Tehama County,06103,2019/20,NSMHS,9575,1793,18.73,reported,""
Tehama County,06103,2019/20,SMHS,9546,430,4.50,reported,""
Tehama County,06103,2020/21,NSMHS,10054,1815,18.05,reported,""
Tehama County,06103,2020/21,SMHS,10021,364,3.63,reported,""
Tehama County,06103,2021/22,NSMHS,10757,1706,15.86,reported,""
Tehama County,06103,2021/22,SMHS,10694,314,2.94,reported,""
Tehama County,06103,2022/23,NSMHS,11497,2035,17.70,reported,""
Tehama County,06103,2022/23,SMHS,11437,212,1.85,reported,""
Trinity County,06105,2019/20,NSMHS,1830,267,14.59,reported,""
Trinity County,06105,2019/20,SMHS,1813,93,5.13,reported,""
Trinity County,06105,2020/21,NSMHS,1925,299,15.53,reported,""
Trinity County,06105,2020/21,SMHS,1916,105,5.48,reported,""
Trinity County,06105,2021/22,NSMHS,2085,300,14.39,reported,""
Trinity County,06105,2021/22,SMHS,2077,102,4.91,reported,""
Trinity County,06105,2022/23,NSMHS,2203,339,15.39,reported,""
Trinity County,06105,2022/23,SMHS,2194,108,4.92,reported,""
Tulare County,06107,2019/20,NSMHS,83017,11397,13.73,reported,""
Tulare County,06107,2019/20,SMHS,82326,1826,2.22,reported,""
Tulare County,06107,2020/21,NSMHS,83991,10900,12.98,reported,""
Tulare County,06107,2020/21,SMHS,83027,2047,2.47,reported,""
Tulare County,06107,2021/22,NSMHS,90252,11311,12.53,reported,""
Tulare County,06107,2021/22,SMHS,89231,2273,2.55,reported,""
Tulare County,06107,2022/23,NSMHS,95973,12468,12.99,reported,""
Tulare County,06107,2022/23,SMHS,95052,2568,2.70,reported,""
Tuolumne County,06109,2019/20,NSMHS,5442,1221,22.44,reported,""
Tuolumne County,06109,2019/20,SMHS,5416,355,6.55,reported,""
Tuolumne County,06109,2020/21,NSMHS,5494,1273,23.17,reported,""
Tuolumne County,06109,2020/21,SMHS,5472,331,6.05,reported,""
Tuolumne County,06109,2021/22,NSMHS,5955,1333,22.38,reported,""
Tuolumne County,06109,2021/22,SMHS,5937,298,5.02,reported,""
Tuolumne County,06109,2022/23,NSMHS,6394,1281,20.03,reported,""
Tuolumne County,06109,2022/23,SMHS,6383,403,6.31,reported,""
Ventura County,06111,2019/20,NSMHS,84629,11866,14.02,reported,""
Ventura County,06111,2019/20,SMHS,83988,2934,3.49,reported,""
Ventura County,06111,2020/21,NSMHS,85761,12585,14.67,reported,""
Ventura County,06111,2020/21,SMHS,85220,3080,3.61,reported,""
Ventura County,06111,2021/22,NSMHS,92170,12878,13.97,reported,""
Ventura County,06111,2021/22,SMHS,91532,3166,3.46,reported,""
Ventura County,06111,2022/23,NSMHS,99305,14148,14.25,reported,""
Ventura County,06111,2022/23,SMHS,98637,3600,3.65,reported,""
Yolo County,06113,2019/20,NSMHS,21335,3678,17.24,reported,""
Yolo County,06113,2019/20,SMHS,21168,472,2.23,reported,""
Yolo County,06113,2020/21,NSMHS,21350,3681,17.24,reported,""
Yolo County,06113,2020/21,SMHS,21009,427,2.03,reported,""
Yolo County,06113,2021/22,NSMHS,22857,3914,17.12,reported,""
Yolo County,06113,2021/22,SMHS,22490,505,2.25,reported,""
Yolo County,06113,2022/23,NSMHS,24345,3966,16.29,reported,""
Yolo County,06113,2022/23,SMHS,23948,529,2.21,reported,""
Yuba County,06115,2019/20,NSMHS,11461,1808,15.78,reported,""
Yuba County,06115,2019/20,SMHS,11412,606,5.31,reported,""
Yuba County,06115,2020/21,NSMHS,11734,1740,14.83,reported,""
Yuba County,06115,2020/21,SMHS,11668,598,5.13,reported,""
Yuba County,06115,2021/22,NSMHS,12655,1872,14.79,reported,""
Yuba County,06115,2021/22,SMHS,12587,590,4.69,reported,""
Yuba County,06115,2022/23,NSMHS,13479,2168,16.08,reported,""
Yuba County,06115,2022/23,SMHS,13430,592,4.41,reported,""
